"object_1","object_2","object_3","object_4","object_5","object_6","object_7","object_8","object_9","object_10","object_11","object_12","object_13","object_14","object_15","object_16","object_17","object_18","object_19","object_20","object_21","object_22","object_23","object_24","object_25","object_26","object_27","object_28","object_29","object_30","object_31","object_32","object_33","object_34","object_35"
0,497,819,322,329,350,868,791,427,658,840,588,182,469,924,812,308,602,854,595,518,336,308,434,784,616,567,224,805,700,679,742,413,273,301
497,0,721,721,168,798,399,686,434,427,469,497,329,532,567,441,749,308,658,161,616,763,476,427,448,294,357,343,756,735,469,259,448,623,763
819,721,0,714,707,819,672,35,392,301,455,245,693,357,448,448,798,1036,154,595,336,763,511,392,385,1022,1071,882,77,196,259,700,406,644,833
322,721,714,0,560,105,1008,693,420,679,910,546,406,378,973,882,77,903,805,756,371,49,280,427,833,910,875,539,665,539,679,917,392,98,119
329,168,707,560,0,630,546,665,343,448,567,455,161,441,658,532,581,378,672,280,518,595,343,343,525,371,385,210,721,672,483,413,357,469,595
350,798,819,105,630,0,1106,798,525,791,1015,658,469,483,1085,987,49,952,917,847,483,56,385,532,945,966,917,574,770,644,784,1008,497,203,56
868,399,672,1008,546,1106,0,651,609,406,231,560,679,700,287,224,1057,609,539,266,763,1057,728,602,287,574,686,742,742,791,441,140,637,903,1078
791,686,35,693,665,798,651,0,357,266,427,210,658,329,427,420,770,1001,147,560,315,735,483,357,364,980,1036,847,91,196,224,665,371,616,805
427,434,392,420,343,525,609,357,0,266,490,154,301,105,553,462,483,714,427,385,182,469,140,7,413,707,735,490,392,322,266,546,28,315,511
658,427,301,679,448,791,406,266,266,0,231,154,490,315,287,210,749,742,231,287,364,728,406,252,154,721,784,651,350,385,42,399,287,588,777
840,469,455,910,567,1015,231,427,490,231,0,392,658,553,91,28,973,756,308,308,602,959,630,483,77,728,819,777,525,595,259,301,518,812,1001
588,497,245,546,455,658,560,210,154,154,392,0,448,168,434,371,623,805,266,392,210,595,294,154,308,791,833,630,259,245,133,532,175,455,651
182,329,693,406,161,469,679,658,301,490,658,448,0,371,749,630,420,504,700,413,441,434,231,301,602,511,490,196,693,616,518,567,294,315,427
469,532,357,378,441,483,700,329,105,315,553,168,371,0,609,532,455,819,427,490,77,427,154,112,476,812,826,567,336,238,301,644,84,287,483
924,567,448,973,658,1085,287,427,553,287,91,434,749,609,0,119,1043,847,287,399,644,1022,700,546,140,819,910,875,525,609,301,385,581,875,1071
812,441,448,882,532,987,224,420,462,210,28,371,630,532,119,0,945,728,308,280,581,931,602,455,56,700,791,749,518,581,238,287,490,784,973
308,749,798,77,581,49,1057,770,483,749,973,623,420,455,1043,945,0,910,882,798,455,49,343,490,903,917,875,532,749,623,749,966,455,161,35
602,308,1036,903,378,952,609,1001,714,742,756,805,504,819,847,728,910,0,966,462,896,931,721,714,749,28,84,378,1064,1036,784,469,728,819,903
854,658,154,805,672,917,539,147,427,231,308,266,700,427,287,308,882,966,0,511,434,854,560,420,252,945,1015,868,231,343,189,581,441,721,917
595,161,595,756,280,847,266,560,385,287,308,392,413,490,399,280,798,462,511,0,560,798,476,378,287,434,518,483,637,644,336,161,413,651,812
518,616,336,371,518,483,763,315,182,364,602,210,441,77,644,581,455,896,434,560,0,420,210,189,525,889,903,637,301,182,343,714,161,301,490
336,763,763,49,595,56,1057,735,469,728,959,595,434,427,1022,931,49,931,854,798,420,0,329,476,882,938,903,560,714,581,728,966,441,147,84
308,476,511,280,343,385,728,483,140,406,630,294,231,154,700,602,343,721,560,476,210,329,0,147,553,714,714,420,490,399,406,644,119,182,371
434,427,392,427,343,532,602,357,7,252,483,154,301,112,546,455,490,714,420,378,189,476,147,0,406,700,728,490,392,329,259,539,35,329,518
784,448,385,833,525,945,287,364,413,154,77,308,602,476,140,56,903,749,252,287,525,882,553,406,0,721,805,735,455,518,175,329,441,735,924
616,294,1022,910,371,966,574,980,707,721,728,791,511,812,819,700,917,28,945,434,889,938,714,700,721,0,119,399,1050,1022,763,441,721,826,917
567,357,1071,875,385,917,686,1036,735,784,819,833,490,826,910,791,875,84,1015,518,903,903,714,728,805,119,0,336,1099,1057,826,546,742,798,868
224,343,882,539,210,574,742,847,490,651,777,630,196,567,875,749,532,378,868,483,637,560,420,490,735,399,336,0,882,812,679,609,490,469,525
805,756,77,665,721,770,742,91,392,350,525,259,693,336,525,518,749,1064,231,637,301,714,490,392,455,1050,1099,882,0,133,308,756,392,602,791
700,735,196,539,672,644,791,196,322,385,595,245,616,238,609,581,623,1036,343,644,182,581,399,329,518,1022,1057,812,133,0,343,784,315,483,658
679,469,259,679,483,784,441,224,266,42,259,133,518,301,301,238,749,784,189,336,343,728,406,259,175,763,826,679,308,343,0,448,287,581,777
742,259,700,917,413,1008,140,665,546,399,301,532,567,644,385,287,966,469,581,161,714,966,644,539,329,441,546,609,756,784,448,0,574,819,980
413,448,406,392,357,497,637,371,28,287,518,175,294,84,581,490,455,728,441,413,161,441,119,35,441,721,742,490,392,315,287,574,0,294,483
273,623,644,98,469,203,903,616,315,588,812,455,315,287,875,784,161,819,721,651,301,147,182,329,735,826,798,469,602,483,581,819,294,0,196
301,763,833,119,595,56,1078,805,511,777,1001,651,427,483,1071,973,35,903,917,812,490,84,371,518,924,917,868,525,791,658,777,980,483,196,0
